{
  "experiment_name": "epsilon_greedy_eps0.1",
  "algorithm": "epsilon-greedy",
  "parameter": {
    "name": "epsilon",
    "value": 0.1
  },
  "configuration": {
    "n_runs": 100,
    "n_steps": 10000
  },
  "summary_statistics": {
    "final_cumulative_reward": {
      "mean": 13473.096511797921,
      "std": 5245.125654490486
    },
    "final_regret": {
      "mean": 1658.5646783175805,
      "std": 489.82034103987274
    },
    "average_reward": {
      "mean": 1.3473096511797926,
      "std": 1.2612655420926655
    },
    "final_optimal_action_rate": {
      "mean": 0.8579000000000001,
      "std": 0.3464434310809553
    }
  }
}