{
  "experiment_name": "ucb_c1.0",
  "algorithm": "ucb",
  "parameter": {
    "name": "ucb_c",
    "value": 1.0
  },
  "configuration": {
    "n_runs": 100,
    "n_steps": 10000
  },
  "summary_statistics": {
    "final_cumulative_reward": {
      "mean": 15041.232556906472,
      "std": 5673.853116757015
    },
    "final_regret": {
      "mean": 90.42863320903275,
      "std": 116.46984538590407
    },
    "average_reward": {
      "mean": 1.5041232556906474,
      "std": 1.145828416317835
    },
    "final_optimal_action_rate": {
      "mean": 0.9754000000000002,
      "std": 0.15313925884654034
    }
  }
}