{
  "experiment_name": "ucb_c3.0",
  "algorithm": "ucb",
  "parameter": {
    "name": "ucb_c",
    "value": 3.0
  },
  "configuration": {
    "n_runs": 100,
    "n_steps": 10000
  },
  "summary_statistics": {
    "final_cumulative_reward": {
      "mean": 14607.236858585595,
      "std": 5770.764434251031
    },
    "final_regret": {
      "mean": 524.4243315299038,
      "std": 191.85120916628176
    },
    "average_reward": {
      "mean": 1.4607236858585602,
      "std": 1.169249419530287
    },
    "final_optimal_action_rate": {
      "mean": 0.9268000000000001,
      "std": 0.2591220786388842
    }
  }
}