{
  "experiment_name": "ucb_c2.0",
  "algorithm": "ucb",
  "parameter": {
    "name": "ucb_c",
    "value": 2.0
  },
  "configuration": {
    "n_runs": 100,
    "n_steps": 10000
  },
  "summary_statistics": {
    "final_cumulative_reward": {
      "mean": 14864.04243518868,
      "std": 5727.1924166649505
    },
    "final_regret": {
      "mean": 267.61875492682134,
      "std": 149.4889715553625
    },
    "average_reward": {
      "mean": 1.4864042435188685,
      "std": 1.1562208472144526
    },
    "final_optimal_action_rate": {
      "mean": 0.9523999999999999,
      "std": 0.20930799838584818
    }
  }
}