{"q_values": {"(0, 0, 0, -1)": [0.0, 0.0, 0.0, 0.0, 0.20873074157118798], "(0, 0, 0, 0)": [0.09989349842071533, 0.2808049072980881, 0.2176646345818043, 0.10989151818752291, 0.0], "(0, 0, 0, 1)": [0.0, 0.2709256731271744, 0.0, 0.0, 0.0], "(0, 0, 0, -2)": [0.0, 0.0, 0.0, 0.11084234662560821, 0.0], "(0, 0, -1, -3)": [0.0, 0.0, 0.09979474544525146, 0.0, 0.0], "(0, 0, -1, -2)": [0.0, 0.09963395595550538, 0.0, 0.0, 0.0], "(0, -1, -1, -3)": [0.0, 0.0, 0.0, 0.09945254921913148, 0.0], "(0, -1, -1, -2)": [0.0991755247116089, 0.0, 0.0, 0.0, 0.0], "(0, -1, -1, -4)": [0.09786700010299683, 0.0, 0.0, 0.0, 0.0988957166671753], "(0, -1, 0, -2)": [0.09855456948280335, 0.0, 0.0, 0.0, 0.0], "(0, -1, -2, -6)": [0.0, 0.09681379199028016, 0.0, 0.0, 0.0], "(0, -2, -2, -7)": [0.0, 0.0, 0.0, 0.0, 0.0957931935787201], "(0, -2, -1, -4)": [0.0, 0.09476947188377381, 0.0, 0.0, 0.0], "(0, -2, -1, -5)": [0.0, 0.0, 0.0935668706893921, 0.0, 0.0], "(0, -3, -1, -5)": [0.09195368885993958, 0.0, 0.0, 0.0, 0.0], "(0, -3, -2, -7)": [0.0, 0.0, 0.0, 0.0, 0.09033352732658387], "(0, -3, -1, -4)": [0.0, 0.0, 0.0, 0.0, 0.08933154344558716], "(0, -3, 0, -2)": [0.0, 0.0, 0.0, 0.16740866839885712, 0.0], "(0, -3, 0, -1)": [0.0, 0.0969363202393055, 0.0, 0.0, 0.0], "(0, -4, 0, -1)": [0.0, 0.0, 0.08695198297500611, 0.0, 0.0], "(0, -4, 0, -2)": [0.0, 0.08612427115440369, 0.0, 0.0, 0.0], "(0, -4, 0, -3)": [-0.21775197982788086, 0.0, 0.16048314154148102, 0.0, 0.0]}}