{"q_values": {"(0, 2, 1, 2)": [0.10630470203161241, 0.0, 0.0, 0.0, 0.0, 0.0, 0.0, 0.0, 0.0, 0.0, 0.0], "(0, 2, 0, 0)": [0.0, 0.0, 0.0, 0.0, 0.0, 0.0, 0.0, 0.09665621519088746, 0.0, 0.0, 0.09684993028640748], "(0, 2, 0, 1)": [0.0, 0.0, 0.0, 0.0, 0.0, 0.0, 0.0, 0.0, 0.0, 0.09631590247154237, 0.0], "(0, 2, 1, 3)": [0.0, 0.0, 0.10335080245137214, 0.09591069221496583, 0.0, 0.0, 0.0, 0.0, 0.0, 0.0, 0.0], "(0, 2, 0, 2)": [0.0, 0.0, 0.0, 0.0, 0.0, 0.0, 0.0, 0.0, 0.0, 0.0931892991065979, 0.09530267119407654], "(0, 2, 1, 4)": [0.0, 0.0, 0.0, 0.0, 0.10400387201309205, 0.0, 0.0, 0.0, 0.0, 0.0, 0.0], "(0, 3, 1, 4)": [0.08768498301506043, 0.0, 0.0, 0.0, 0.0, 0.0, 0.0, 0.0, 0.09202110767364502, 0.0, 0.0], "(0, 3, 1, 5)": [0.0, 0.0, 0.0, 0.0, 0.0, 0.0, 0.0, 0.0, 0.09041073322296143, 0.0, 0.0], "(0, 3, 2, 6)": [0.0, 0.0, 0.09788947355747224, 0.0, 0.0, 0.0, 0.0, 0.0, 0.0, 0.0, 0.0], "(0, 4, 0, 2)": [0.0, 0.0, 0.0, 0.0, 0.0, 0.0, 0.0, 0.0, 0.0, 0.08652431964874269, 0.0], "(0, 4, 1, 4)": [0.0, 0.0, 0.0, 0.0, 0.0, 0.0, 0.0, 0.0, 0.0, 0.08468160629272461, 0.0], "(0, 4, 1, 6)": [0.0, 0.0, 0.0, 0.0, 0.0, 0.08247348666191101, 0.0, 0.0, 0.0, 0.0, 0.0], "(0, 4, 1, 5)": [0.0, 0.0, 0.0, 0.0, 0.0, 0.0, 0.0, 0.0, 0.0, 0.0, -0.22032124996185304]}}