{
  "experiment_name": "epsilon_greedy_eps0.3",
  "algorithm": "epsilon-greedy",
  "parameter": {
    "name": "epsilon",
    "value": 0.3
  },
  "configuration": {
    "n_runs": 100,
    "n_steps": 10000
  },
  "summary_statistics": {
    "final_cumulative_reward": {
      "mean": 10383.61765631864,
      "std": 4519.151221595431
    },
    "final_regret": {
      "mean": 4748.0435337968665,
      "std": 1445.6997718008702
    },
    "average_reward": {
      "mean": 1.038361765631864,
      "std": 1.423853032327609
    },
    "final_optimal_action_rate": {
      "mean": 0.7041,
      "std": 0.4539610828708644
    }
  }
}