{"q_values": {"(0, -1, 1, 2)": [0.0, 0.0, 0.0, 0.0, 0.09905839562416077], "(0, -1, 0, 0)": [0.0, 0.0, 0.0, 0.0, 0.09869995117187501], "(0, -1, 1, 4)": [0.0, 0.09936180710792542, 0.0, 0.0, 0.0], "(0, -1, 1, 3)": [0.0, 0.0, 0.09955487251281739, 0.0, 0.09976797103881836], "(0, 0, 2, 5)": [0.0, 0.0, 0.09993137121200563, 0.0, 0.0], "(0, 0, 1, 4)": [0.0, 0.1899182462692261, 0.0, 0.0, 0.0], "(0, 0, 1, 3)": [0.0, 0.09999998211860657, 0.09969035387039185, 0.0, 0.0], "(0, 0, 1, 1)": [0.0, 0.0, 0.0, 0.0, 0.10988095899820327], "(0, 0, 1, 2)": [0.0, 0.0, 0.0, 0.10973460130095483, 0.0], "(1, 1, 1, 3)": [0.0, 0.09956077933311464, 0.20843877812933848, 0.0, 0.09794965386390686], "(1, 1, 1, 2)": [0.0, 0.0, 0.0, 0.20813599731806265, 0.0], "(1, 1, 2, 5)": [0.0, 0.0972576677799225, 0.0, 0.0, 0.0], "(1, 2, 1, 4)": [0.0, 0.0, 0.0, 0.0964851975440979, 0.0], "(1, 2, 2, 5)": [0.0, 0.09569782614707947, 0.0, 0.09324436187744141, 0.0], "(1, 2, 1, 3)": [0.0, 0.0, 0.0, 0.0, 0.10417059462666511], "(1, 3, 2, 6)": [0.0, 0.0, 0.0, 0.09139150381088257, 0.0], "(1, 3, 2, 7)": [0.0, 0.0, 0.08927700519561768, 0.0868371605873108, 0.0], "(1, 4, 2, 7)": [0.0, 0.0, 0.0, 0.0838716208934784, 0.0], "(1, 4, 2, 8)": [0.0, -0.21918554306030275, 0.0, 0.0, 0.0]}}