{"q_values": {"(0, 0, 0, 0)": [0.0, 18.05895263434536, 0.0, 0.0, 16.395481960259772], "(0, 0, 0, -1)": [0.0, 0.0, 0.0, 17.23142724327253, 0.0], "(0, 0, 1, 2)": [0.0, 0.0, 0.0, 15.55127135860689, 0.0], "(0, 0, 1, 3)": [0.0, 0.0, 0.0, 0.0, 14.69923069127649], "(0, 1, 2, 5)": [0.0, 13.840510408166383, 0.0, 0.0, 0.0], "(0, 1, 1, 4)": [12.976085276799706, 0.0, 0.0, 0.0, 0.0], "(0, 1, 0, 1)": [0.0, 0.0, 0.0, 12.104934064022729, 0.0], "(0, 1, 1, 2)": [0.0, 0.0, 0.0, 11.226806343075431, 0.0], "(1, 1, 1, 3)": [10.342993700621502, 0.0, 0.0, 0.0, 0.0], "(1, 1, 0, 1)": [0.0, 0.0, 0.0, 9.452657290297703, 0.0], "(1, 1, 1, 2)": [0.0, 0.0, 0.0, 0.0, 8.555376537719114], "(1, 1, 1, 4)": [0.0, 0.0, 7.653728827963317, 0.0, 0.0], "(1, 2, 1, 4)": [0.0, 5.843404798831189, 6.74959473851759, 0.0, 0.0], "(1, 2, 1, 3)": [0.0, 0.0, 0.0, 0.0, 4.934212745164826], "(1, 2, 1, 5)": [0.0, 0.0, 0.0, 0.0, 4.023971883671647], "(1, 3, 2, 7)": [3.118502580173455, 0.0, 0.0, 0.0, 0.0], "(1, 3, 1, 4)": [0.0, 0.0, 0.0, 0.0, 1.327081383870944], "(1, 3, 2, 6)": [1.3238884239733508, 0.0, 0.0, 0.0, 0.0], "(1, 4, 2, 6)": [0.0, -0.443355204772949, 0.0, 0.0, 0.0], "(1, 4, 1, 5)": [0.0, -1.3129260826110838, 0.0, 0.0, 0.0], "(1, 4, 1, 3)": [0.0, 0.0, 0.0, -2.1756739616394043, 0.0]}, "n_values": {"(0, 0, 0, 0)": [0.0, 1.0, 0.0, 0.0, 1.0], "(0, 0, 0, -1)": [0.0, 0.0, 0.0, 1.0, 0.0], "(0, 0, 1, 2)": [0.0, 0.0, 0.0, 1.0, 0.0], "(0, 0, 1, 3)": [0.0, 0.0, 0.0, 0.0, 1.0], "(0, 1, 2, 5)": [0.0, 1.0, 0.0, 0.0, 0.0], "(0, 1, 1, 4)": [1.0, 0.0, 0.0, 0.0, 0.0], "(0, 1, 0, 1)": [0.0, 0.0, 0.0, 1.0, 0.0], "(0, 1, 1, 2)": [0.0, 0.0, 0.0, 1.0, 0.0], "(1, 1, 1, 3)": [1.0, 0.0, 0.0, 0.0, 0.0], "(1, 1, 0, 1)": [0.0, 0.0, 0.0, 1.0, 0.0], "(1, 1, 1, 2)": [0.0, 0.0, 0.0, 0.0, 1.0], "(1, 1, 1, 4)": [0.0, 0.0, 1.0, 0.0, 0.0], "(1, 2, 1, 4)": [0.0, 1.0, 1.0, 0.0, 0.0], "(1, 2, 1, 3)": [0.0, 0.0, 0.0, 0.0, 1.0], "(1, 2, 1, 5)": [0.0, 0.0, 0.0, 0.0, 1.0], "(1, 3, 2, 7)": [1.0, 0.0, 0.0, 0.0, 0.0], "(1, 3, 1, 4)": [0.0, 0.0, 0.0, 0.0, 2.0], "(1, 3, 2, 6)": [1.0, 0.0, 0.0, 0.0, 0.0], "(1, 4, 2, 6)": [0.0, 1.0, 0.0, 0.0, 0.0], "(1, 4, 1, 5)": [0.0, 1.0, 0.0, 0.0, 0.0], "(1, 4, 1, 3)": [0.0, 0.0, 0.0, 1.0, 0.0]}}