{
  "experiment_name": "epsilon_greedy_eps0.01",
  "algorithm": "epsilon-greedy",
  "parameter": {
    "name": "epsilon",
    "value": 0.01
  },
  "configuration": {
    "n_runs": 100,
    "n_steps": 10000
  },
  "summary_statistics": {
    "final_cumulative_reward": {
      "mean": 14276.808106893934,
      "std": 5476.255959843361
    },
    "final_regret": {
      "mean": 854.8530832215714,
      "std": 1214.61639028667
    },
    "average_reward": {
      "mean": 1.4276808106893935,
      "std": 1.1602993497629635
    },
    "final_optimal_action_rate": {
      "mean": 0.8705000000000002,
      "std": 0.33539416373615955
    }
  }
}