{"q_values": {"(0, -1, 1, 1)": [0.0, 0.09931630492210389, 0.0, 0.0, 0.0, 0.0, 0.0, 0.09977218508720398, 0.0, 0.0, 0.1883502680063248], "(0, -1, 0, 0)": [0.0, 0.0, 0.0, 0.09832768440246582, 0.0, 0.0, 0.0, 0.0, 0.1989990979015827, 0.0, 0.0], "(0, 0, 1, 2)": [0.0, 0.0, 0.0, 0.09983413219451905, 0.0, 0.0, 0.0, 0.0, 0.0, 0.0, 0.0], "(0, 0, 0, 1)": [0.09981473684310914, 0.0, 0.0, 0.0, 0.0, 0.0, 0.0, 0.0, 0.0, 0.0, 0.0], "(0, 0, 0, -2)": [0.0, 0.0, 0.0, 0.0, 0.0, 0.0, 0.0, 0.0997718870639801, 0.0, 0.0, 0.0], "(0, 0, 0, -1)": [0.09967569708824159, 0.0, 0.0, 0.0, 0.0, 0.0, 0.0, 0.0, 0.0, 0.0, 0.0], "(0, -1, -1, -3)": [0.0, 0.0, 0.0, 0.09946247935295105, 0.0, 0.0, 0.0, 0.09862223267555237, 0.0, 0.0, 0.0], "(0, -1, -1, -4)": [0.0, 0.0, 0.0, 0.0, 0.0, 0.0, 0.0, 0.0, 0.0, 0.0, 0.0992911994457245], "(0, -1, 0, -1)": [0.0, 0.0, 0.0, 0.0992031216621399, 0.0, 0.0, 0.10799786859154702, 0.0, 0.0, 0.0, 0.18757874310016634], "(0, -1, 0, -2)": [0.0, 0.0989400863647461, 0.0, 0.0, 0.0, 0.0, 0.0, 0.0, 0.0, 0.0, 0.0], "(0, -1, -1, -2)": [0.0, 0.0, 0.0, 0.0, 0.0, 0.0, 0.0, 0.0, 0.0, 0.09846197366714478, 0.0], "(0, -1, 1, 3)": [0.10933774909377099, 0.0, 0.0, 0.0, 0.09883249998092652, 0.09937116503715515, 0.0, 0.0, 0.0, 0.0, 0.0], "(0, -1, 1, 2)": [0.0, 0.0, 0.0, 0.0, 0.0, 0.0, 0.0, 0.0991187334060669, 0.0, 0.0, 0.0], "(0, -1, 1, 4)": [0.0, 0.0, 0.0, 0.0, 0.0, 0.0, 0.0, 0.0, 0.0, 0.0, 0.09989712834358216], "(0, 0, 2, 5)": [0.09998409152030946, 0.0, 0.0, 0.0, 0.0, 0.09957241415977479, 0.0, 0.0, 0.0, 0.0, 0.0], "(0, 0, 1, 3)": [0.0, 0.0, 0.0, 0.0, 0.0, 0.0, 0.09999982714653016, 0.0, 0.0999646544456482, 0.0, 0.0], "(0, 0, 2, 4)": [0.0, 0.0, 0.0, 0.0, 0.0, 0.0, 0.0, 0.0, 0.09982700943946839, 0.0, 0.0], "(0, 1, 2, 5)": [0.0, 0.0, 0.0, 0.09928501248359681, 0.0, 0.0, 0.0, 0.0, 0.0, 0.0, 0.0], "(0, 1, 1, 3)": [0.0, 0.0, 0.0, 0.0, 0.0, 0.09899719953536988, 0.0, 0.0, 0.0985991358757019, 0.0, 0.0], "(0, 1, 2, 4)": [0.0, 0.0, 0.0, 0.0, 0.0, 0.09809251427650452, 0.0, 0.0, 0.0, 0.0, 0.0], "(1, 1, 2, 4)": [0.0, 0.0, 0.09767395853996277, 0.0, 0.0, 0.0, 0.0, 0.0, 0.0, 0.0, 0.0], "(1, 2, 1, 2)": [0.0, 0.0, 0.0, 0.0, 0.0, 0.0, 0.0, 0.09607641696929932, 0.0, 0.0, 0.09713031649589539], "(1, 2, 2, 4)": [0.0, 0.09658154249191285, 0.0, 0.0, 0.0, 0.0, 0.09346423149108887, 0.0, 0.0, 0.0, 0.0], "(1, 2, 1, 3)": [0.0, 0.0, 0.0, 0.0, 0.0, 0.0, 0.09543287158012391, 0.0, 0.09456248283386232, 0.0, 0.0], "(1, 3, 2, 5)": [0.0, 0.0, 0.0, 0.0, 0.0, 0.0, 0.0, 0.0, 0.09738106434345245, 0.09200650453567505, 0.0], "(1, 3, 2, 6)": [0.0, 0.0, 0.0, 0.0, 0.1676645386219025, 0.0, 0.0, 0.0, 0.0, 0.0, 0.0], "(1, 4, 2, 6)": [0.0, 0.0, 0.0, 0.0, 0.0, 0.0, 0.0, 0.0, 0.0, 0.0, 0.08382614254951477], "(1, 4, 2, 7)": [0.0, 0.0, 0.0, 0.0, 0.0, 0.0, -0.21926259994506836, 0.0, 0.0, 0.0, 0.0]}}