{
  "experiment_name": "epsilon_greedy_eps0.2",
  "algorithm": "epsilon-greedy",
  "parameter": {
    "name": "epsilon",
    "value": 0.2
  },
  "configuration": {
    "n_runs": 100,
    "n_steps": 10000
  },
  "summary_statistics": {
    "final_cumulative_reward": {
      "mean": 11910.534419665273,
      "std": 4885.381835088064
    },
    "final_regret": {
      "mean": 3221.126770450232,
      "std": 948.2956684552859
    },
    "average_reward": {
      "mean": 1.191053441966527,
      "std": 1.3528544174665393
    },
    "final_optimal_action_rate": {
      "mean": 0.7759999999999999,
      "std": 0.4145514917176524
    }
  }
}