{
  "experiment_name": "epsilon_greedy_eps0.0",
  "algorithm": "epsilon-greedy",
  "parameter": {
    "name": "epsilon",
    "value": 0.0
  },
  "configuration": {
    "n_runs": 100,
    "n_steps": 10000
  },
  "summary_statistics": {
    "final_cumulative_reward": {
      "mean": 10368.407311919998,
      "std": 5558.87480366737
    },
    "final_regret": {
      "mean": 4763.253878195505,
      "std": 5454.795311286564
    },
    "average_reward": {
      "mean": 1.036840731192,
      "std": 1.1380824378870216
    },
    "final_optimal_action_rate": {
      "mean": 0.38000000000000006,
      "std": 0.48538644398046393
    }
  }
}