{
  "experiment_name": "ucb_c5.0",
  "algorithm": "ucb",
  "parameter": {
    "name": "ucb_c",
    "value": 5.0
  },
  "configuration": {
    "n_runs": 100,
    "n_steps": 10000
  },
  "summary_statistics": {
    "final_cumulative_reward": {
      "mean": 13941.137562452943,
      "std": 5840.160194915757
    },
    "final_regret": {
      "mean": 1190.5236276625578,
      "std": 275.63988008412355
    },
    "average_reward": {
      "mean": 1.394113756245295,
      "std": 1.2006853401605095
    },
    "final_optimal_action_rate": {
      "mean": 0.8769,
      "std": 0.32449228508673444
    }
  }
}