{
  "experiment_name": "ucb_c0.5",
  "algorithm": "ucb",
  "parameter": {
    "name": "ucb_c",
    "value": 0.5
  },
  "configuration": {
    "n_runs": 100,
    "n_steps": 10000
  },
  "summary_statistics": {
    "final_cumulative_reward": {
      "mean": 14930.411434563199,
      "std": 5700.349357608466
    },
    "final_regret": {
      "mean": 201.24975555230375,
      "std": 692.7760987159522
    },
    "average_reward": {
      "mean": 1.4930411434563204,
      "std": 1.1455143315995315
    },
    "final_optimal_action_rate": {
      "mean": 0.9098999999999998,
      "std": 0.28631994282083295
    }
  }
}