{"q_values": {"(0, -1, 0, 0)": [0.0, 0.0, 0.04955236911773682, 0.04957678616046906, 0.0], "(0, -1, 0, 1)": [0.0, 0.0, 0.0, 0.04964801073074341, 0.0], "(0, -1, 1, 2)": [0.0, 0.0, 0.0, 0.0, 0.0497725784778595], "(0, -1, 1, 4)": [0.0, 0.049872207641601565, 0.0, 0.0, 0.0], "(0, -1, 1, 3)": [0.0, 0.0, 0.049929970502853395, 0.0, 0.0], "(0, 0, 1, 3)": [0.0, 0.04999231398105622, 0.0, 0.0, 0.04998256862163544], "(0, 0, 1, 5)": [0.0, 0.049999991059303285, 0.0, 0.0, 0.0], "(0, 0, 0, 2)": [0.0, 0.0, 0.0, 0.0, 0.04996165931224823], "(0, 0, 1, 4)": [0.0, 0.0, 0.0, 0.0, 0.049856486916542056], "(0, 1, 2, 6)": [0.04971013963222504, 0.0, 0.0, 0.0, 0.0], "(0, 1, 1, 3)": [0.0, 0.049455732107162476, 0.04957392513751984, 0.0, 0.0], "(0, 1, 0, 2)": [0.0, 0.0, 0.049357572197914125, 0.0, 0.04917306303977967], "(0, 1, 1, 4)": [0.0, 0.04866549372673035, 0.04890368580818177, 0.0, 0.0], "(0, 2, 1, 2)": [0.0, 0.0485131174325943, 0.0, 0.0, 0.0], "(0, 2, 0, 1)": [0.0, 0.04820468127727509, 0.0918323913216591, 0.0, 0.0], "(0, 2, 0, 0)": [0.048290824890136724, 0.0, 0.0, 0.0, 0.0], "(0, 2, -1, -2)": [0.0, 0.0, 0.09700562953948974, 0.0, 0.0], "(0, 2, -1, -1)": [0.04876278340816498, 0.0, 0.0, 0.0, 0.0], "(0, 2, -1, -3)": [0.04908291101455689, 0.0, 0.0, 0.0, 0.0], "(0, 1, -2, -5)": [0.0, 0.0, 0.09405019134283066, 0.0, 0.0], "(0, 1, -2, -4)": [0.049803575873374945, 0.0, 0.0, 0.0, 0.0], "(0, 1, -2, -6)": [0.0, 0.0, 0.0499423086643219, 0.0, 0.0], "(0, 0, -2, -6)": [0.0499999076128006, 0.0, 0.0, 0.0, 0.0], "(0, 0, -3, -7)": [0.0, 0.0, 0.0, 0.0, 0.049964246153831486], "(0, 0, -2, -4)": [0.0, 0.0, 0.0, 0.049903112649917605, 0.0], "(0, 0, -1, -3)": [0.0, 0.0, 0.04983674585819245, 0.0, 0.0], "(0, -1, -1, -3)": [0.04971484839916229, 0.04937822818756104, 0.0, 0.0, 0.0], "(0, -1, -2, -5)": [0.0, 0.0, 0.0, 0.04955887198448181, 0.0], "(0, -1, -2, -4)": [0.0, 0.048869580030441284, 0.04915402829647064, 0.0, 0.0], "(0, -2, -2, -4)": [0.048416814208030706, 0.0, 0.0, 0.0, 0.0], "(0, -2, -2, -6)": [0.0, 0.0, 0.0, 0.047895979881286625, 0.0], "(-1, -2, -2, -5)": [0.0, 0.0, 0.0, 0.047472164034843445, 0.0], "(-1, -2, -1, -3)": [0.0, 0.04702228307723999, 0.0, 0.0, 0.0], "(-1, -2, -2, -4)": [0.0, 0.0, 0.0, 0.04658508598804474, 0.0], "(-1, -3, -1, -3)": [0.04603777825832367, 0.0, 0.0, 0.0, 0.0], "(-1, -3, -2, -5)": [0.0, 0.04524918794631958, 0.0, 0.0, 0.043661683797836304], "(-1, -3, -2, -6)": [0.0, 0.0, 0.04436236023902893, 0.0, 0.0], "(-1, -4, -1, -3)": [0.0, 0.043006020784378055, 0.0, 0.0, 0.0], "(-1, -4, -1, -4)": [0.0, 0.04136700928211212, 0.04225256443023682, 0.0, 0.0], "(-1, -4, -2, -5)": [0.0, 0.0, -0.1096316695213318, 0.0, 0.0]}}