{
  "experiment_name": "epsilon_greedy_eps0.05",
  "algorithm": "epsilon-greedy",
  "parameter": {
    "name": "epsilon",
    "value": 0.05
  },
  "configuration": {
    "n_runs": 100,
    "n_steps": 10000
  },
  "summary_statistics": {
    "final_cumulative_reward": {
      "mean": 14127.699573358761,
      "std": 5422.500445896303
    },
    "final_regret": {
      "mean": 1003.9616167567481,
      "std": 468.5657625592836
    },
    "average_reward": {
      "mean": 1.4127699573358756,
      "std": 1.206814036464745
    },
    "final_optimal_action_rate": {
      "mean": 0.9184,
      "std": 0.27111201375407457
    }
  }
}